{
  "name": "meloquia",
  "version": "1.0.0",
  "description": "",
  "main": "src/index.js",
  "scripts": {
    "dev": "nodemon src/index.js",
    "start": "node src/index.js",
    "test": "echo \"Error: no test specified\" && exit 1"
  },
  "keywords": [],
  "author": "",
  "license": "ISC",
  "dependencies": {
    "@azure/storage-blob": "^12.29.1",
    "aws-sdk": "^2.1692.0",
    "axios": "^1.12.2",
    "bcrypt": "^6.0.0",
    "bcryptjs": "^3.0.2",
    "cors": "^2.8.5",
    "dotenv": "^17.2.2",
    "express": "^5.1.0",
    "express-validator": "^7.2.1",
    "jsonwebtoken": "^9.0.2",
    "mongodb": "^6.20.0",
    "mongoose": "^8.18.2",
    "morgan": "^1.10.1",
    "multer": "^2.0.2",
    "multer-s3": "^3.0.1",
    "mysql2": "^3.15.0",
    "sequelize": "^6.37.7"
  },
  "devDependencies": {
    "nodemon": "^3.1.10",
    "sequelize-cli": "^6.6.3"
  }
}
